<launch>

  <!-- The request adapters (plugins) used when planning with IMS. ORDER MATTERS! -->
  <arg name="planning_adapters"
       default=""
                />

  <arg name="start_state_max_bounds_error" default="0.1" />
  <arg name="jiggle_fraction" default="0.05" />

  <param name="planning_plugin" value="srmp_interface/SRMPPlanner" />
  <param name="request_adapters" value="$(arg planning_adapters)" />
  <param name="start_state_max_bounds_error" value="$(arg start_state_max_bounds_error)" />
  <param name="jiggle_fraction" value="$(arg jiggle_fraction)" />


  <rosparam command="load" file="$(find panda_two_moveit_config)/config/srmp_planning.yaml"/>

</launch>
